model,rmse,mae
baseline,0.026675803015010536,0.025620395034498908
attention,0.021619952455924806,0.019742035700417243
