units,lr,seq,val_loss
128,0.001,30,3.3681412787700538e-06
32,0.0005,50,0.000891406845767051
64,0.001,30,0.00041575616342015564
64,0.001,50,0.000721375981811434
128,0.0005,50,7.5120569817954674e-06
64,0.0001,30,0.0006791068008169532
